input_id,titulo_input,autores_input,source,source_id,titulo_candidato,autores_candidato,editorial_candidata,idioma_candidato,isbn_13,isbn_10,title_score,authors_score,language_score,publisher_score,score
1,Deep Learning with Python,Francois Chollet,openlibrary,/works/OL19541947W,Deep Learning with Python,Francois Chollet,Manning Publications,ingles,9781638352044,1638352046,1.0000,1.0000,1.0000,1.0000,1.0000
1,Deep Learning with Python,Francois Chollet,openlibrary,/works/OL25472735W,"Deep Learning with Python, Second Edition",François Chollet,Manning Publications Co. LLC,ingles,9781617296864,1638350094,1.0000,1.0000,1.0000,1.0000,1.0000
1,Deep Learning with Python,Francois Chollet,openlibrary,/works/OL44584320W,"Deep Learning with Python, Third Edition",Francois Chollet; Matthew Watson,Manning Publications Co. LLC,ingles,9781638357773,1638357773,1.0000,1.0000,1.0000,1.0000,1.0000
1,Deep Learning with Python,Francois Chollet,google_books,wzozEAAAQBAJ,Deep Learning with Python,Francois Chollet,Simon and Schuster,ingles,9781638352044,1638352046,1.0000,1.0000,1.0000,0.3200,0.9320
1,Deep Learning with Python,Francois Chollet,google_books,XHpKEAAAQBAJ,"Deep Learning with Python, Second Edition",Francois Chollet; François Chollet,Simon and Schuster,ingles,9781617296864,1617296864,1.0000,1.0000,1.0000,0.3200,0.9320
1,Deep Learning with Python,Francois Chollet,google_books,1yyHEQAAQBAJ,"Deep Learning with Python, Third Edition",Francois Chollet; Matthew Watson,Simon and Schuster,ingles,9781633436589,1633436586,1.0000,1.0000,1.0000,0.3200,0.9320
3,Understanding Deep Learning,Simon J.D. Prince,google_books,pPyxEAAAQBAJ,Understanding Deep Learning,Simon J.D. Prince,MIT Press,ingles,9780262377102,0262377101,1.0000,1.0000,1.0000,1.0000,1.0000
4,Probabilistic Machine Learning: An Introduction,Kevin P. Murphy,google_books,wrZNEAAAQBAJ,Probabilistic Machine Learning,Kevin P. Murphy,MIT Press,ingles,9780262046824,0262046822,1.0000,1.0000,1.0000,1.0000,1.0000
5,Why Machines Learn,Anil Ananthaswamy,openlibrary,/works/OL37831042W,Why Machines Learn,Anil Ananthaswamy,Penguin Publishing Group,ingles,9781802060867,0593185749,1.0000,1.0000,1.0000,0.1333,0.9133
5,Why Machines Learn,Anil Ananthaswamy,google_books,yLfPEAAAQBAJ,Why Machines Learn,Anil Ananthaswamy,Random House,ingles,9781802060874,1802060871,1.0000,1.0000,1.0000,0.2222,0.9222
5,Why Machines Learn,Anil Ananthaswamy,google_books,BZHPEAAAQBAJ,Why Machines Learn,Anil Ananthaswamy,Penguin,ingles,9780593185759,0593185757,1.0000,1.0000,1.0000,0.3077,0.9308
6,Structure and Interpretation of Computer Programs,Harold Abelson; Gerald Jay Sussman,openlibrary,/works/OL3267304W,Structure and Interpretation of Computer Programs (SICP),Harold Abelson; Gerald Jay Sussman; Julie Sussman,Springer,aleman,9780262011532,3540423427,1.0000,1.0000,0.0000,0.3529,0.8353
6,Structure and Interpretation of Computer Programs,Harold Abelson; Gerald Jay Sussman,openlibrary,/works/OL39109952W,Structure and Interpretation of Computer Programs,Harold Abelson; Gerald J. Sussman; Julie Sussman,MIT Press,ingles,9780262510462,0262510464,1.0000,0.9355,1.0000,1.0000,0.9839
6,Structure and Interpretation of Computer Programs,Harold Abelson; Gerald Jay Sussman,google_books,iL34DwAAQBAJ,"Structure and Interpretation of Computer Programs, second edition",Harold Abelson; Gerald Jay Sussman,MIT Press,ingles,9780262510875,0262510871,1.0000,1.0000,1.0000,1.0000,1.0000
6,Structure and Interpretation of Computer Programs,Harold Abelson; Gerald Jay Sussman,google_books,WSUuEAAAQBAJ,Structure and Interpretation of Computer Programs,Harold Abelson; Gerald Jay Sussman,MIT Press,ingles,9780262367622,0262367629,1.0000,1.0000,1.0000,1.0000,1.0000
6,Structure and Interpretation of Computer Programs,Harold Abelson; Gerald Jay Sussman,google_books,-IoS0AEACAAJ,Structure and Interpretation of Computer Programs,Harold Abelson; Gerald Jay Sussman; Martin Henz; Tobias Wrigstad; Julie Sussman,desconocido,ingles,9780262367639,0262367637,1.0000,1.0000,1.0000,0.5000,0.9500
6,Structure and Interpretation of Computer Programs,Harold Abelson; Gerald Jay Sussman,google_books,9OSMEAAAQBAJ,"Instructor's Manual t/a Structure and Interpretation of Computer Programs, second edition",Julie Sussman,National Geographic Books,ingles,9780262692205,0262692201,1.0000,0.7000,1.0000,0.1176,0.8368
6,Structure and Interpretation of Computer Programs,Harold Abelson; Gerald Jay Sussman,google_books,lTBuzgEACAAJ,Structure And Interpretation Of Computer Programs (2nd Edition),Harold Abelson; Gerald Jay Sussman; Julie Sussman,desconocido,ingles,9788173715273,8173715270,1.0000,1.0000,1.0000,0.5000,0.9500
6,Structure and Interpretation of Computer Programs,Harold Abelson; Gerald Jay Sussman,google_books,_bo0YAAACAAJ,Computer exercises to accumpany structure and interpretation of computer programs : version for IBM PC compatible machines,Harold Abelson; Gerald Jay Sussman,desconocido,ingles,9780070004429,0070004420,1.0000,1.0000,1.0000,0.5000,0.9500
6,Structure and Interpretation of Computer Programs,Harold Abelson; Gerald Jay Sussman,google_books,JpJqPgAACAAJ,Structure and Interpretation of Computer Programs,Harold Abelson; Gerald J. Sussman,desconocido,ingles,9780262510455,0262510456,1.0000,0.9688,1.0000,0.5000,0.9422
7,Learn Physics with Functional Programming,Scott N. Walck,openlibrary,/works/OL28844268W,Learn Physics with Functional Programming,Scott N. Walck,"No Starch Press, Incorporated",ingles,9781718501676,1718501676,1.0000,1.0000,1.0000,1.0000,1.0000
7,Learn Physics with Functional Programming,Scott N. Walck,google_books,qS1mEAAAQBAJ,Learn Physics with Functional Programming,Scott N. Walck,No Starch Press,ingles,9781718501669,1718501668,1.0000,1.0000,1.0000,1.0000,1.0000
8,Grokking Algorithms,Aditya Bhargava,openlibrary,/works/OL19546865W,Grokking Algorithms: An illustrated guide for programmers and other curious people,Aditya Y. Bhargava,Manning Publications,ingles,9781617292231,1617292230,1.0000,1.0000,1.0000,1.0000,1.0000
8,Grokking Algorithms,Aditya Bhargava,openlibrary,/works/OL25919119W,Grokking Algorithms,Aditya Y. Bhargava,Manning,ingles,9781638353348,1638353344,1.0000,1.0000,1.0000,1.0000,1.0000
8,Grokking Algorithms,Aditya Bhargava,openlibrary,/works/OL37769525W,"Grokking Algorithms, Second Edition",Aditya Y. Bhargava,Manning,ingles,9781633438538,1633438538,1.0000,1.0000,1.0000,1.0000,1.0000
8,Grokking Algorithms,Aditya Bhargava,google_books,rcj3EAAAQBAJ,"Grokking Algorithms, Second Edition",Aditya Y Bhargava,Simon and Schuster,ingles,9781633438538,1633438538,1.0000,1.0000,1.0000,0.3200,0.9320
8,Grokking Algorithms,Aditya Bhargava,google_books,yzkzEAAAQBAJ,Grokking Algorithms,Aditya Bhargava,Simon and Schuster,ingles,9781638353348,1638353344,1.0000,1.0000,1.0000,0.3200,0.9320
8,Grokking Algorithms,Aditya Bhargava,google_books,JIz2EAAAQBAJ,"Grokking Algorithms, Second Edition",Aditya Y Bhargava,Simon and Schuster,ingles,9781638354567,1638354561,1.0000,1.0000,1.0000,0.3200,0.9320
9,Software Design for Flexibility,Chris Hanson; Gerald Jay Sussman,openlibrary,/works/OL22021506W,Software Design for Flexibility,Chris Hanson; Gerald Jay Sussman,MIT Press,ingles,9780262045490,0262045494,1.0000,1.0000,1.0000,1.0000,1.0000
9,Software Design for Flexibility,Chris Hanson; Gerald Jay Sussman,google_books,AOUbEAAAQBAJ,Software Design for Flexibility,Chris Hanson; Gerald Jay Sussman,MIT Press,ingles,9780262045490,0262045494,1.0000,1.0000,1.0000,1.0000,1.0000
10,Higher-Order Perl,Mark Jason Dominus,openlibrary,/works/OL8856125W,Higher-Order Perl,Mark Jason Dominus,Elsevier Science,ingles,9780080478340,1423708172,1.0000,1.0000,1.0000,0.1290,0.9129
10,Higher-Order Perl,Mark Jason Dominus,google_books,4_q8JJWNaTsC,Higher-Order Perl,Mark Jason Dominus,Elsevier,ingles,9780080478340,0080478344,1.0000,1.0000,1.0000,0.0870,0.9087
10,Higher-Order Perl,Mark Jason Dominus,google_books,ejbzvQAACAAJ,Higher-order Perl,Mark Jason Dominus,desconocido,ingles,9781558607019,1558607013,1.0000,1.0000,1.0000,0.5000,0.9500
11,The Magic of Code,Samuel Arbesman,google_books,lVAoEQAAQBAJ,The Magic of Code,Samuel Arbesman,Hachette UK,ingles,9781541704503,1541704509,1.0000,1.0000,1.0000,0.5000,0.9500
11,The Magic of Code,Samuel Arbesman,google_books,GuTv0AEACAAJ,The Magic of Code,Samuel Arbesman,desconocido,ingles,9781541704480,1541704487,1.0000,1.0000,1.0000,0.5000,0.9500
12,The Infinite Book,John D. Barrow,openlibrary,/works/OL865345W,The Infinite Book,John D. Barrow,해나무,ingles,9781400032242,0375422277,1.0000,1.0000,1.0000,0.0000,0.9000
12,The Infinite Book,John D. Barrow,google_books,FAR2bhqrFNoC,The Infinite Book,John D. Barrow,Random House,ingles,9781407072746,1407072749,1.0000,1.0000,1.0000,0.5000,0.9500
13,Cracking the Coding Interview,Gayle Laakmann McDowell,openlibrary,/works/OL16816263W,Cracking The Coding Interview,Gayle Laakmann McDowell,CAREERCUP,ingles,9780984782864,1466208686,1.0000,1.0000,1.0000,1.0000,1.0000
13,Cracking the Coding Interview,Gayle Laakmann McDowell,openlibrary,/works/OL42570617W,Beyond Cracking the Coding Interview,Gayle Laakmann McDowell; Mike Mroczka; Aline Lerner; Nil Mamano,CareerCup,ingles,9781955706001,195570600X,1.0000,1.0000,1.0000,1.0000,1.0000
13,Cracking the Coding Interview,Gayle Laakmann McDowell,google_books,jD8iswEACAAJ,Cracking the Coding Interview,Gayle Laakmann McDowell,Careercup,ingles,9780984782857,0984782850,1.0000,1.0000,1.0000,1.0000,1.0000
13,Cracking the Coding Interview,Gayle Laakmann McDowell,google_books,sFx8jgEACAAJ,"Cracking the Coding Interview, 6th Edition",Gayle Laakmann McDowell,desconocido,ingles,9780984782864,0984782869,1.0000,1.0000,1.0000,0.5000,0.9500
13,Cracking the Coding Interview,Gayle Laakmann McDowell,google_books,nlgWywAACAAJ,Cracking the Coding Interview,Gayle Laakmann McDowell,Careercup,ingles,9780984782802,098478280X,1.0000,1.0000,1.0000,1.0000,1.0000
13,Cracking the Coding Interview,Gayle Laakmann McDowell,google_books,BrcZ0QEACAAJ,Beyond Cracking the Coding Interview,Gayle Laakmann McDowell; Mike Mroczka; Aline Lerner; Nil Mamano,desconocido,ingles,9781955706001,195570600X,1.0000,1.0000,1.0000,0.5000,0.9500
14,It's a Numberful World,Eddie Woo,openlibrary,/works/OL24745574W,It's a Numberful World,Eddie Woo; Adam Lofbomm,"Experiment LLC, The",ingles,9781618032263,1618032267,1.0000,1.0000,1.0000,0.5000,0.9500
14,It's a Numberful World,Eddie Woo,openlibrary,/works/OL21355197W,It's a Numberful World,Woo Eddie,"Experiment LLC, The",ingles,9781615196128,1615196129,1.0000,1.0000,1.0000,0.5000,0.9500
14,It's a Numberful World,Eddie Woo,google_books,eHeHDwAAQBAJ,It's a Numberful World,Eddie Woo,The Experiment + ORM,ingles,9781615196135,1615196137,1.0000,1.0000,1.0000,0.5000,0.9500
15,How to Speak Machine,John Maeda,openlibrary,/works/OL20920093W,How to Speak Machine,John Maeda,Portfolio,ingles,9780262553179,0241976634,1.0000,1.0000,1.0000,0.5000,0.9500
15,How to Speak Machine,John Maeda,google_books,HUiLDwAAQBAJ,How to Speak Machine,John Maeda,Penguin,ingles,9780399564437,0399564438,1.0000,1.0000,1.0000,0.5000,0.9500
15,How to Speak Machine,John Maeda,google_books,fZIgEQAAQBAJ,"How to Speak Machine, with a new preface by the author",John Maeda,MIT Press,ingles,9780262553179,0262553171,1.0000,1.0000,1.0000,0.5000,0.9500
15,How to Speak Machine,John Maeda,google_books,TtSIDwAAQBAJ,How to Speak Machine,John Maeda,Penguin UK,ingles,9780241976616,0241976618,1.0000,1.0000,1.0000,0.5000,0.9500
16,Concrete Mathematics: A Foundation for Computer Science,Ronald L. Graham; Donald E. Knuth; Oren Patashnik,google_books,ctnPEAAAQBAJ,Concrete Mathematics,Ronald L. Graham; Donald E. Knuth; Oren Patashnik,Addison-Wesley Professional,ingles,9780134389981,0134389980,1.0000,1.0000,1.0000,1.0000,1.0000
16,Concrete Mathematics: A Foundation for Computer Science,Ronald L. Graham; Donald E. Knuth; Oren Patashnik,google_books,Q543AAAACAAJ,Concrete Mathematics,Ronald L. Graham; Donald Ervin Knuth; Oren Patashnik,desconocido,ingles,9789814053327,9814053325,1.0000,0.9773,1.0000,0.5000,0.9443
17,High Performance Python,Micha Gorelick; Ian Ozsvald,openlibrary,/works/OL19547492W,High Performance Python: Practical Performant Programming for Humans,Micha Gorelick; Ian Ozsvald,"O'Reilly Media, Incorporated",ingles,9781449361778,1449361765,1.0000,1.0000,1.0000,1.0000,1.0000
17,High Performance Python,Micha Gorelick; Ian Ozsvald,openlibrary,/works/OL42404534W,High Performance Python,Micha Gorelick; Ian Oszvald,"O'Reilly Media, Incorporated",ingles,9781098165963,1098165969,1.0000,0.9615,1.0000,1.0000,0.9904
17,High Performance Python,Micha Gorelick; Ian Ozsvald,google_books,tyfJBQAAQBAJ,High Performance Python,Micha Gorelick; Ian Ozsvald,"O'Reilly Media, Inc.",ingles,9781449361761,1449361765,1.0000,1.0000,1.0000,1.0000,1.0000
17,High Performance Python,Micha Gorelick; Ian Ozsvald,google_books,LcHgDwAAQBAJ,High Performance Python,Micha Gorelick; Ian Ozsvald,"O'Reilly Media, Inc.",ingles,9781492054979,1492054976,1.0000,1.0000,1.0000,1.0000,1.0000
18,Taming Big Data with Apache Spark and Python,Frank Kane,openlibrary,/works/OL19543743W,Frank Kane's Taming Big Data with Apache Spark and Python,Frank Kane,Packt Publishing - ebooks Account,desconocido,9781787287945,1787287947,1.0000,1.0000,0.5000,0.5000,0.9000
18,Taming Big Data with Apache Spark and Python,Frank Kane,google_books,8Hc5DwAAQBAJ,Frank Kane's Taming Big Data with Apache Spark and Python,Frank Kane,Packt Publishing Ltd,ingles,9781787288300,1787288307,1.0000,1.0000,1.0000,0.5000,0.9500
18,Taming Big Data with Apache Spark and Python,Frank Kane,google_books,g1RIzgEACAAJ,Taming Big Data with Apache Spark and Python--Hands On!,Frank Kane,desconocido,ingles,9781787129931,1787129934,1.0000,1.0000,1.0000,0.5000,0.9500
19,Data Science Essentials in Python,Dmitry Zinoviev,openlibrary,/works/OL19545467W,Data Science Essentials in Python,Dmitry Zinoviev,Pragmatic Bookshelf,ingles,9781680501841,1680501844,1.0000,1.0000,1.0000,1.0000,1.0000
19,Data Science Essentials in Python,Dmitry Zinoviev,google_books,-MlYEQAAQBAJ,Data Science Essentials in Python,Dmitry Zinoviev,The Pragmatic Programmers LLC,ingles,9781680503388,1680503383,1.0000,1.0000,1.0000,0.6429,0.9643
19,Data Science Essentials in Python,Dmitry Zinoviev,google_books,7Nc0tAEACAAJ,Data Science Essentials in Python,Dmitry Zinoviev,desconocido,ingles,9781680502237,1680502239,1.0000,1.0000,1.0000,0.5000,0.9500
20,Data Science from Scratch,Joel Grus,openlibrary,/works/OL20006690W,Data science from scratch,Joel Grus,O'Reilly Media,ingles,9781491901427,1491904402,1.0000,1.0000,1.0000,1.0000,1.0000
20,Data Science from Scratch,Joel Grus,google_books,YBKSDwAAQBAJ,Data Science from Scratch,Joel Grus,O'Reilly Media,ingles,9781492041108,1492041106,1.0000,1.0000,1.0000,1.0000,1.0000
20,Data Science from Scratch,Joel Grus,google_books,aD3rjgEACAAJ,Data Science from Scratch,Joel Grus,desconocido,ingles,9781491901410,1491901411,1.0000,1.0000,1.0000,0.5000,0.9500
21,"Hands-On Machine Learning with Scikit-Learn, Keras & TensorFlow",Aurelien Geron,openlibrary,/works/OL20709638W,"Hands-On Machine Learning with Scikit-Learn, Keras, and TensorFlow",Aurélien Géron,"O'Reilly Media, Incorporated",ingles,9781492032649,1492032646,1.0000,1.0000,1.0000,1.0000,1.0000
21,"Hands-On Machine Learning with Scikit-Learn, Keras & TensorFlow",Aurelien Geron,google_books,HnetDwAAQBAJ,"Hands-On Machine Learning with Scikit-Learn, Keras, and TensorFlow",Aurélien Géron,"O'Reilly Media, Inc.",ingles,9781492032595,149203259X,1.0000,1.0000,1.0000,1.0000,1.0000
21,"Hands-On Machine Learning with Scikit-Learn, Keras & TensorFlow",Aurelien Geron,google_books,V5ySEAAAQBAJ,"Hands-On Machine Learning with Scikit-Learn, Keras, and TensorFlow",Aurélien Géron,"O'Reilly Media, Inc.",ingles,9781098122478,109812247X,1.0000,1.0000,1.0000,1.0000,1.0000
21,"Hands-On Machine Learning with Scikit-Learn, Keras & TensorFlow",Aurelien Geron,google_books,khpYDgAAQBAJ,Hands-On Machine Learning with Scikit-Learn and TensorFlow,Aurélien Géron,"O'Reilly Media, Inc.",ingles,9781491962268,1491962267,0.9643,1.0000,1.0000,1.0000,0.9804
21,"Hands-On Machine Learning with Scikit-Learn, Keras & TensorFlow",Aurelien Geron,google_books,2kiREQAAQBAJ,Hands-On Machine Learning with Scikit-Learn and PyTorch,Aurélien Géron,"O'Reilly Media, Inc.",ingles,9798341607958,,0.8776,1.0000,1.0000,1.0000,0.9327
21,"Hands-On Machine Learning with Scikit-Learn, Keras & TensorFlow",Aurelien Geron,google_books,0x6gEQAAQBAJ,"Aprende Machine Learning con Scikit-Learn, Keras y TensorFlow. Tercera Edición",Aurélien Géron,ANAYA MULTIMEDIA,espanol,9788441548282,8441548285,0.8679,1.0000,0.0000,0.2500,0.7524
21,"Hands-On Machine Learning with Scikit-Learn, Keras & TensorFlow",Aurelien Geron,google_books,Qn-W0QEACAAJ,"Hands-On Machine Learning with Scikit-Learn and Pytorch: Concepts, Tools, and Techniques to Build In",Aurelien Geron,desconocido,ingles,9788341607980,8341607980,0.8350,1.0000,1.0000,0.5000,0.8592
21,"Hands-On Machine Learning with Scikit-Learn, Keras & TensorFlow",Aurelien Geron,google_books,i6sH0AEACAAJ,"Hands-on Machine Learning with Scikit-Learn, Keras & TensorFlow",Aurélien Géron,desconocido,ingles,9787576605945,7576605944,1.0000,1.0000,1.0000,0.5000,0.9500
21,"Hands-On Machine Learning with Scikit-Learn, Keras & TensorFlow",Aurelien Geron,google_books,Aa0-DwAAQBAJ,Deep Learning avec TensorFlow,Aurélien Géron,Dunod,frances,9782100767472,210076747X,0.7917,1.0000,0.0000,0.1538,0.7008
22,Generative AI on AWS,Chris Fregly; Antje Barth; Shelbee Eigenbrode,openlibrary,/works/OL36813792W,Generative AI on AWS,Chris Fregly; Antje Barth; Shelbee Eeigenbrode,"O'Reilly Media, Incorporated",ingles,9781098159221,1098159225,1.0000,0.9885,1.0000,1.0000,0.9971
22,Generative AI on AWS,Chris Fregly; Antje Barth; Shelbee Eigenbrode,google_books,MOTiEAAAQBAJ,Generative AI on AWS,Chris Fregly; Antje Barth; Shelbee Eigenbrode,"O'Reilly Media, Inc.",ingles,9781098159184,1098159187,1.0000,1.0000,1.0000,1.0000,1.0000
23,Generative AI with Python and TensorFlow 2,Joseph Babcock; Raghav Bali,openlibrary,/works/OL25329199W,Generative AI with Python and TensorFlow 2,Joseph Babcock; Raghav Bali,"de Gruyter GmbH, Walter",ingles,9781800200883,1800208502,1.0000,1.0000,1.0000,0.5000,0.9500
23,Generative AI with Python and TensorFlow 2,Joseph Babcock; Raghav Bali,google_books,swlSEQAAQBAJ,Generative AI with Python and Pytorch,Joseph Babcock; Raghav Bali,Packt Publishing Ltd,ingles,9781835884454,1835884458,0.8788,1.0000,1.0000,0.5000,0.8833
24,Deep Learning for Coders with fastai and PyTorch,Jeremy Howard; Sylvain Gugger,openlibrary,/works/OL21655069W,Deep Learning for Coders with Fastai and Pytorch,Jeremy Howard; Sylvain Gugger,nbviewer.org,ingles,9781492045526,1492045527,1.0000,1.0000,1.0000,0.2000,0.9200
24,Deep Learning for Coders with fastai and PyTorch,Jeremy Howard; Sylvain Gugger,google_books,wATuDwAAQBAJ,Deep Learning for Coders with fastai and PyTorch,Jeremy Howard; Sylvain Gugger,"O'Reilly Media, Inc.",ingles,9781492045472,1492045470,1.0000,1.0000,1.0000,1.0000,1.0000
25,Natural Language Processing with Transformers,Lewis Tunstall; Leandro von Werra; Thomas Wolf,openlibrary,/works/OL25810304W,Natural Language Processing with Transformers,Lewis Tunstall; Leandro von Werra; Thomas Wolf,"O'Reilly Media, Incorporated",ingles,9781098103248,1098103246,1.0000,1.0000,1.0000,1.0000,1.0000
25,Natural Language Processing with Transformers,Lewis Tunstall; Leandro von Werra; Thomas Wolf,openlibrary,/works/OL28128012W,"Natural Language Processing with Transformers, Revised Edition",Lewis Tunstall; Leandro von Werra; Thomas Wolf,"O'Reilly Media, Incorporated",ingles,9781098136796,1098136799,1.0000,1.0000,1.0000,1.0000,1.0000
25,Natural Language Processing with Transformers,Lewis Tunstall; Leandro von Werra; Thomas Wolf,google_books,8plxEAAAQBAJ,"Natural Language Processing with Transformers, Revised Edition",Lewis Tunstall; Leandro von Werra; Thomas Wolf,"O'Reilly Media, Inc.",ingles,9781098136758,1098136756,1.0000,1.0000,1.0000,1.0000,1.0000
25,Natural Language Processing with Transformers,Lewis Tunstall; Leandro von Werra; Thomas Wolf,google_books,X7Yk0AEACAAJ,Natural Language Processing with Transformers,Lewis Tunstall; Leandro van Werra; Thomas Wolf (Of HuggingFace),desconocido,ingles,9781098136789,1098136780,1.0000,0.9524,1.0000,0.5000,0.9381
25,Natural Language Processing with Transformers,Lewis Tunstall; Leandro von Werra; Thomas Wolf,google_books,7hhyzgEACAAJ,Natural Language Processing with Transformers,Lewis Tunstall; Leandro von Werra; Thomas Wolf,O'Reilly Media,ingles,9781098103248,1098103246,1.0000,1.0000,1.0000,1.0000,1.0000
26,Transformers for Natural Language Processing,Denis Rothman,openlibrary,/works/OL27086886W,Transformers for Natural Language Processing,Denis Rothman,"Packt Publishing, Limited",ingles,9781800568631,1803243481,1.0000,1.0000,1.0000,1.0000,1.0000
26,Transformers for Natural Language Processing,Denis Rothman,openlibrary,/works/OL38118375W,Transformers for Natural Language Processing and Computer Vision,Denis Rothman,"de Gruyter GmbH, Walter",ingles,9781805123743,1805123742,1.0000,1.0000,1.0000,0.1481,0.9148
26,Transformers for Natural Language Processing,Denis Rothman,google_books,Ua03zgEACAAJ,Transformers for Natural Language Processing,Denis Rothman,desconocido,ingles,9781800565791,1800565798,1.0000,1.0000,1.0000,0.5000,0.9500
26,Transformers for Natural Language Processing,Denis Rothman,google_books,u9FjEAAAQBAJ,Transformers for Natural Language Processing,Denis Rothman,Packt Publishing Ltd,ingles,9781803243481,1803243481,1.0000,1.0000,1.0000,1.0000,1.0000
26,Transformers for Natural Language Processing,Denis Rothman,google_books,q9P3EAAAQBAJ,Transformers for Natural Language Processing and Computer Vision,Denis Rothman,Packt Publishing Ltd,ingles,9781805123743,1805123742,1.0000,1.0000,1.0000,1.0000,1.0000
27,Transformers for Machine Learning,Uday Kamath; Kenneth Graham; Wael Emara,openlibrary,/works/OL27084341W,Transformers for Machine Learning,Uday Kamath; Wael Emara; Kenneth L. Graham,Chapman and Hall/CRC,ingles,9780367771652,1000587096,1.0000,1.0000,1.0000,0.5000,0.9500
27,Transformers for Machine Learning,Uday Kamath; Kenneth Graham; Wael Emara,google_books,D-T6EAAAQBAJ,Transformers for Machine Learning,Uday Kamath; Kenneth Graham; Wael Emara,CRC Press,ingles,9781000587074,100058707X,1.0000,1.0000,1.0000,1.0000,1.0000
28,Hands-On Large Language Models,Jay Alammar; Maarten Grootendorst,openlibrary,/works/OL39672255W,Hands-On Large Language Models,Jay Alammar; Maarten Grootendorst,"O'Reilly Media, Incorporated",ingles,9781098150969,1098150961,1.0000,1.0000,1.0000,1.0000,1.0000
28,Hands-On Large Language Models,Jay Alammar; Maarten Grootendorst,google_books,dr-s0AEACAAJ,Hands-On Large Language Models,Jay Alammar; Maarten Grootendorst,desconocido,ingles,9781098150969,1098150961,1.0000,1.0000,1.0000,0.5000,0.9500
28,Hands-On Large Language Models,Jay Alammar; Maarten Grootendorst,google_books,iE8hEQAAQBAJ,Hands-On Large Language Models,Jay Alammar; Maarten Grootendorst,"O'Reilly Media, Inc.",ingles,9781098150938,1098150937,1.0000,1.0000,1.0000,1.0000,1.0000
29,Build a Large Language Model (From Scratch),Sebastian Raschka,openlibrary,/works/OL38398010W,Build a Large Language Model (from Scratch),Sebastian Raschka,Manning Publications Co. LLC,ingles,9781633437166,1633437167,1.0000,1.0000,1.0000,1.0000,1.0000
29,Build a Large Language Model (From Scratch),Sebastian Raschka,google_books,uSUmEQAAQBAJ,Build a Large Language Model (From Scratch),Sebastian Raschka,Simon and Schuster,ingles,9781633437166,1633437167,1.0000,1.0000,1.0000,0.3200,0.9320
30,AI Engineering,Chip Huyen,openlibrary,/works/OL39671094W,AI Engineering,Chip Huyen,"O'Reilly Media, Incorporated",ingles,9781098166304,1098166302,1.0000,1.0000,1.0000,1.0000,1.0000
30,AI Engineering,Chip Huyen,google_books,abM1EQAAQBAJ,AI Engineering,Chip Huyen,"O'Reilly Media, Inc.",ingles,9781098166267,1098166264,1.0000,1.0000,1.0000,1.0000,1.0000
30,AI Engineering,Chip Huyen,google_books,S7M1EQAAQBAJ,AI Engineering,Chip Huyen,"O'Reilly Media, Inc.",ingles,9781098166274,1098166272,1.0000,1.0000,1.0000,1.0000,1.0000
31,Fluent React,Tejas Kumar,openlibrary,/works/OL28801837W,Fluent React,Tejas Kumar,"O'Reilly Media, Incorporated",ingles,9781098138677,1098138678,1.0000,1.0000,1.0000,1.0000,1.0000
31,Fluent React,Tejas Kumar,google_books,lI_0EAAAQBAJ,Fluent React,Tejas Kumar,"O'Reilly Media, Inc.",ingles,9781098138677,1098138678,1.0000,1.0000,1.0000,1.0000,1.0000
32,WebAssembly: The Definitive Guide,Brian Sletten,google_books,xTVTEAAAQBAJ,WebAssembly: The Definitive Guide,Brian Sletten,"O'Reilly Media, Inc.",ingles,9781492089797,1492089796,1.0000,1.0000,1.0000,1.0000,1.0000
32,WebAssembly: The Definitive Guide,Brian Sletten,google_books,TCKCzgEACAAJ,WebAssembly,Brian Sletten,desconocido,ingles,9781492089834,1492089834,1.0000,1.0000,1.0000,0.5000,0.9500
34,Programming TypeScript,Boris Cherny,google_books,Y-mUDwAAQBAJ,Programming TypeScript,Boris Cherny,O'Reilly Media,ingles,9781492037620,1492037621,1.0000,1.0000,1.0000,1.0000,1.0000
35,Building Production-Grade Web Applications with Supabase,David Lorenz,openlibrary,/works/OL39129642W,Building Production-Grade Web Applications with Supabase,David Lorenz; Jorge Varandas,"Packt Publishing, Limited",ingles,9781837630684,1837630682,1.0000,1.0000,1.0000,0.5000,0.9500
35,Building Production-Grade Web Applications with Supabase,David Lorenz,google_books,874WEQAAQBAJ,Building Production-Grade Web Applications with Supabase,David Lorenz,Packt Publishing Ltd,ingles,9781837635269,1837635269,1.0000,1.0000,1.0000,0.5000,0.9500
36,Learning React,Alex Banks; Eve Porcello,openlibrary,/works/OL20915214W,Learning React,Alex Banks; Eve Porcello,O'Reilly Media,ingles,9781492051725,1491954620,1.0000,1.0000,1.0000,1.0000,1.0000
36,Learning React,Alex Banks; Eve Porcello,openlibrary,/works/OL19543158W,Learning React: Functional Web Development with React and Redux,Alex Banks; Eve Porcello,O'Reilly Media,desconocido,9781491954621,1491954620,1.0000,1.0000,0.5000,1.0000,0.9500
36,Learning React,Alex Banks; Eve Porcello,google_books,pMTADgAAQBAJ,Learning React,Alex Banks; Eve Porcello,"O'Reilly Media, Inc.",ingles,9781491954577,1491954574,1.0000,1.0000,1.0000,1.0000,1.0000
36,Learning React,Alex Banks; Eve Porcello,google_books,3rT_zgEACAAJ,Learning React,Alex Banks (Software engineer); Eve Porcello,desconocido,ingles,9781492051718,1492051713,1.0000,1.0000,1.0000,0.5000,0.9500
36,Learning React,Alex Banks; Eve Porcello,google_books,FgifzgEACAAJ,Learning React,Alex Banks (Software engineer); Eve Porcello,desconocido,ingles,9789352135639,9352135636,1.0000,1.0000,1.0000,0.5000,0.9500
36,Learning React,Alex Banks; Eve Porcello,google_books,tDjrDwAAQBAJ,Learning React,Alex Banks; Eve Porcello,O'Reilly Media,ingles,9781492051695,1492051691,1.0000,1.0000,1.0000,1.0000,1.0000
36,Learning React,Alex Banks; Eve Porcello,google_books,vNGgswEACAAJ,"Learning React, 1st Edition",Eve Porcello. Alex Banks,desconocido,ingles,9781491954614,1491954612,1.0000,1.0000,1.0000,0.5000,0.9500
37,Day trading y operativa bursatil,Serrano,openlibrary,/works/OL17781304W,Day trading y operativa bursátil para dummies,Francisca Serrano Pérez,Centro Libros PAPF,desconocido,9788432903168,8432903167,1.0000,1.0000,0.5000,0.2759,0.8776
37,Day trading y operativa bursatil,Serrano,google_books,PqN2vgAACAAJ,Day trading y operativa bursátil para Dummies,desconocido,desconocido,espanol,9788432903168,8432903167,1.0000,0.3333,1.0000,0.5000,0.7833
37,Day trading y operativa bursatil,Serrano,google_books,VMCIDwAAQBAJ,Análisis técnico de bolsa y trading para Dummies,Francisca Serrano Ruiz,Para Dummies,espanol,9788432905285,8432905283,0.5250,1.0000,1.0000,0.7826,0.7170
37,Day trading y operativa bursatil,Serrano,google_books,UQdTDwAAQBAJ,Escuela de trading,Francisca Serrano Ruiz,Espasa,espanol,9788467052756,8467052759,0.5600,1.0000,1.0000,0.2353,0.6815
37,Day trading y operativa bursatil,Serrano,google_books,sIHIBAAAQBAJ,Escuela de Bolsa. Manual de trading,Francisca Serrano,Editorial Almuzara,espanol,9788415828426,841582842X,0.5397,1.0000,1.0000,0.2759,0.6744
38,Bitcoin and Cryptocurrency Technologies,Arvind Narayanan; Joseph Bonneau; Edward Felten; Andrew Miller; Steven Goldfeder,openlibrary,/works/OL20056158W,Bitcoin and cryptocurrency technologies,Arvind Narayanan,Princeton University Press,ingles,9780691171692,0691171696,1.0000,1.0000,1.0000,1.0000,1.0000
38,Bitcoin and Cryptocurrency Technologies,Arvind Narayanan; Joseph Bonneau; Edward Felten; Andrew Miller; Steven Goldfeder,google_books,LchFDAAAQBAJ,Bitcoin and Cryptocurrency Technologies,Arvind Narayanan; Joseph Bonneau; Edward Felten; Andrew Miller; Steven Goldfeder,Princeton University Press,ingles,9781400884155,1400884152,1.0000,1.0000,1.0000,1.0000,1.0000
39,Programming Bitcoin,Jimmy Song,openlibrary,/works/OL19541906W,Programming Bitcoin: Learn How to Program Bitcoin from Scratch,Jimmy Song,O'Reilly Media,desconocido,9781492031499,1492031496,1.0000,1.0000,0.5000,1.0000,0.9500
39,Programming Bitcoin,Jimmy Song,google_books,w2nzzgEACAAJ,Programming Bitcoin,Jimmy Song,desconocido,ingles,9781492031482,1492031488,1.0000,1.0000,1.0000,0.5000,0.9500
40,Mastering Bitcoin,Andreas M. Antonopoulos,openlibrary,/works/OL19547324W,Mastering Bitcoin: Unlocking Digital Cryptocurrencies,Andreas M. Antonopoulos,O'Reilly Media,ingles,9781449374044,1449374042,1.0000,1.0000,1.0000,1.0000,1.0000
40,Mastering Bitcoin,Andreas M. Antonopoulos,openlibrary,/works/OL26490330W,Mastering Bitcoin,Andreas M. Antonopoulos,"O'Reilly Media, Incorporated",italiano,9781322403748,1491902604,1.0000,1.0000,0.0000,1.0000,0.9000
40,Mastering Bitcoin,Andreas M. Antonopoulos,openlibrary,/works/OL19543136W,Mastering Bitcoin: Programming the Open Blockchain,Andreas M. Antonopoulos,O'Reilly Media,desconocido,9781491954386,1491954388,1.0000,1.0000,0.5000,1.0000,0.9500
40,Mastering Bitcoin,Andreas M. Antonopoulos,google_books,B_zFxQEACAAJ,Mastering Bitcoin,Andreas Antonopoulos,desconocido,espanol,9781097424108,1097424103,1.0000,1.0000,0.0000,0.5000,0.8500
40,Mastering Bitcoin,Andreas M. Antonopoulos,google_books,3zfhEAAAQBAJ,Mastering Bitcoin,Andreas M. Antonopoulos; David A. Harding,"O'Reilly Media, Inc.",ingles,9781098150051,1098150058,1.0000,1.0000,1.0000,1.0000,1.0000
40,Mastering Bitcoin,Andreas M. Antonopoulos,google_books,k3qrBQAAQBAJ,Mastering Bitcoin,Andreas M. Antonopoulos,"O'Reilly Media, Inc.",ingles,9781491921982,1491921986,1.0000,1.0000,1.0000,1.0000,1.0000
40,Mastering Bitcoin,Andreas M. Antonopoulos,google_books,-kh5swEACAAJ,Mastering Bitcoin,Andreas M. Antonopoulos,O'Reilly Media,ingles,9781491902608,1491902604,1.0000,1.0000,1.0000,1.0000,1.0000
40,Mastering Bitcoin,Andreas M. Antonopoulos,google_books,geSVyAEACAAJ,Mastering Bitcoin,Riccardo Masutti; Andreas M Antonopoulos,Independently Published,italiano,9781081849115,1081849118,1.0000,1.0000,0.0000,0.1935,0.8194
41,Inside the Black Box,Rishi K. Narang,openlibrary,/works/OL13773464W,Inside the black box,Rishi K. Narang,"John Wiley & Sons, Ltd.",ingles,9780470529140,0470432063,1.0000,1.0000,1.0000,1.0000,1.0000
41,Inside the Black Box,Rishi K. Narang,openlibrary,/works/OL29011553W,Inside the Black Box,Rishi K. Narang,"Wiley & Sons, Incorporated, John",ingles,9781119931898,1282369261,1.0000,1.0000,1.0000,1.0000,1.0000
41,Inside the Black Box,Rishi K. Narang,openlibrary,/works/OL19857846W,Inside the black box,Rishi K Narang,Wiley,ingles,9781118587973,1118416996,1.0000,1.0000,1.0000,1.0000,1.0000
42,Python for Finance,Yves Hilpisch,openlibrary,/works/OL19547348W,Python for Finance: Analyze Big Financial Data,Yves Hilpisch,"O'Reilly Media, Incorporated",ingles,9781491945285,1491945389,1.0000,1.0000,1.0000,1.0000,1.0000
42,Python for Finance,Yves Hilpisch,openlibrary,/works/OL19541900W,Python for Finance: Mastering Data-Driven Finance,Yves Hilpisch,O'Reilly Media,desconocido,9781492024330,1492024333,1.0000,1.0000,0.5000,1.0000,0.9500
42,Python for Finance,Yves Hilpisch,openlibrary,/works/OL38112937W,Python for Finance,Yves Hilpisch,"O'Reilly Media, Incorporated",ingles,9781492024316,1492024317,1.0000,1.0000,1.0000,1.0000,1.0000
43,The Ascent of Money,Niall Ferguson,openlibrary,/works/OL792952W,The ascent of money,Niall Ferguson,Thorndike Press,ingles,9780141990262,1846141060,1.0000,1.0000,1.0000,0.3636,0.9364
44,The Bitcoin Standard,Saifedean Ammous,openlibrary,/works/OL20984004W,The Bitcoin Standard,Saifedean Ammous; James Fouhey,"Wiley & Sons, Incorporated, John",ingles,9781119473893,1119473896,1.0000,1.0000,1.0000,1.0000,1.0000
44,The Bitcoin Standard,Saifedean Ammous,openlibrary,/works/OL19737774W,The bitcoin standard,Saifedean Ammous,Wiley,ingles,9781119473862,1119473861,1.0000,1.0000,1.0000,1.0000,1.0000
46,Strange Code,Ronald T. Kneusel,openlibrary,/works/OL27816046W,Strange Code,Ronald T. Kneusel,"No Starch Press, Incorporated",ingles,9781718502406,1718502400,1.0000,1.0000,1.0000,1.0000,1.0000
47,"Concepts, Techniques, and Models of Computer Programming",Peter van Roy; Seif Haridi,openlibrary,/works/OL16923212W,"Concepts, techniques, and models of computer programming",Peter Van Roy; Seif Haridi,The MIT Press,ingles,9780262220699,0262220695,1.0000,1.0000,1.0000,1.0000,1.0000
47,"Concepts, Techniques, and Models of Computer Programming",Peter van Roy; Seif Haridi,openlibrary,/works/OL39139227W,"Concepts, Techniques, and Models of Computer Programming",Peter Van-Roy; Seif Haridi,MIT Press,ingles,9781417501762,1417501766,1.0000,1.0000,1.0000,1.0000,1.0000
47,"Concepts, Techniques, and Models of Computer Programming",Peter van Roy; Seif Haridi,google_books,_bmyEnUnfTsC,"Concepts, Techniques, and Models of Computer Programming",Peter Van Roy; Seif Haridi,MIT Press,ingles,9780262220699,0262220695,1.0000,1.0000,1.0000,1.0000,1.0000
49,Communicating Sequential Processes,C.A.R. Hoare,openlibrary,/works/OL25485111W,Communicating Sequential Processes,C.A.R. Hoare,Independently Published,ingles,9798720425739,,1.0000,1.0000,1.0000,0.3333,0.9333
49,Communicating Sequential Processes,C.A.R. Hoare,google_books,wjtzzgEACAAJ,Communicating Sequential Processes,C.A.R. Hoare,desconocido,ingles,9798720425739,,1.0000,1.0000,1.0000,0.5000,0.9500
50,The Reasoned Schemer,Daniel P. Friedman; William E. Byrd; Oleg Kiselyov,openlibrary,/works/OL2938929W,The reasoned schemer,Daniel P. Friedman,MIT Press,ingles,9780262562140,0262562146,1.0000,1.0000,1.0000,1.0000,1.0000
50,The Reasoned Schemer,Daniel P. Friedman; William E. Byrd; Oleg Kiselyov,openlibrary,/works/OL19739995W,The Reasoned Schemer,Daniel P. Friedman; William E. Byrd; Oleg Kiselyov,The MIT Press,ingles,9780262294287,0262348772,1.0000,1.0000,1.0000,1.0000,1.0000
50,The Reasoned Schemer,Daniel P. Friedman; William E. Byrd; Oleg Kiselyov,google_books,ur34DwAAQBAJ,"The Reasoned Schemer, second edition",Daniel P. Friedman; William E. Byrd; Oleg Kiselyov; Jason Hemann,MIT Press,ingles,9780262535519,0262535513,1.0000,1.0000,1.0000,1.0000,1.0000
50,The Reasoned Schemer,Daniel P. Friedman; William E. Byrd; Oleg Kiselyov,google_books,HulPDwAAQBAJ,"The Reasoned Schemer, second edition",Daniel P. Friedman; William E. Byrd; Oleg Kiselyov; Jason Hemann,MIT Press,ingles,9780262348782,0262348780,1.0000,1.0000,1.0000,1.0000,1.0000
52,Programming in Haskell,Graham Hutton,openlibrary,/works/OL1223918W,Programming in Haskell,Graham Hutton,Cambridge University Press,ingles,9780521692694,051129218X,1.0000,1.0000,1.0000,1.0000,1.0000
52,Programming in Haskell,Graham Hutton,openlibrary,/works/OL25675439W,Programming in Haskell,Graham Hutton,Cambridge University Press,ingles,9781316784099,1316784096,1.0000,1.0000,1.0000,1.0000,1.0000
52,Programming in Haskell,Graham Hutton,openlibrary,/works/OL20046601W,Programming in Haskell,Graham Hutton,Cambridge University Press,ingles,9781316626221,1316626229,1.0000,1.0000,1.0000,1.0000,1.0000
52,Programming in Haskell,Graham Hutton,openlibrary,/works/OL39636884W,Programming in Haskel,Graham Hutton,Cambridge University Press,ingles,9781280959325,1280959320,0.9767,1.0000,1.0000,1.0000,0.9872
53,Functional Programming in Scala,Paul Chiusano; Runar Bjarnason,openlibrary,/works/OL17582815W,Functional Programming In Scala,Paul Chiusano,Manning Publications,ingles,9781617290657,1617290653,1.0000,1.0000,1.0000,1.0000,1.0000
53,Functional Programming in Scala,Paul Chiusano; Runar Bjarnason,openlibrary,/works/OL28432854W,"Functional Programming in Scala, Second Edition",Michael Pilquist; Paul Chiusano; Rúnar Bjarnasson,Manning Publications Co. LLC,ingles,9781617299582,1617299588,1.0000,0.7917,1.0000,1.0000,0.9479
53,Functional Programming in Scala,Paul Chiusano; Runar Bjarnason,google_books,GjszEAAAQBAJ,Functional Programming in Scala,Paul Chiusano; Runar Bjarnason,Simon and Schuster,ingles,9781638353959,1638353956,1.0000,1.0000,1.0000,0.3200,0.9320
53,Functional Programming in Scala,Paul Chiusano; Runar Bjarnason,google_books,D-29EAAAQBAJ,"Functional Programming in Scala, Second Edition",Michael Pilquist; Paul Chiusano; Rúnar Bjarnasson,Simon and Schuster,ingles,9781617299582,1617299588,1.0000,0.7917,1.0000,0.3200,0.8799
54,Domain Modeling Made Functional,Scott Wlaschin,openlibrary,/works/OL19542938W,Domain Modeling Made Functional,Scott Wlaschin,Pragmatic Bookshelf,ingles,9781680502541,1680502549,1.0000,1.0000,1.0000,1.0000,1.0000
55,Category Theory for Programmers,Bartosz Milewski,openlibrary,/works/OL23987566W,Category Theory for Programmers,Bortosz Milewski; Bartosz Milewski,Blurb,ingles,9780464825081,0464243874,1.0000,1.0000,1.0000,0.5000,0.9500
55,Category Theory for Programmers,Bartosz Milewski,openlibrary,/works/OL38179622W,"Category Theory for Programmers (Scala Edition, Paperback)",Bartosz Milewski,Blurb,ingles,9780464183648,0464183642,1.0000,1.0000,1.0000,0.5000,0.9500
56,Parallel and Concurrent Programming in Haskell,Simon Marlow,openlibrary,/works/OL17581286W,Parallel And Concurrent Programming In Haskell,Simon Marlow,"O'Reilly Media, Incorporated",ingles,9781449335946,1449335942,1.0000,1.0000,1.0000,1.0000,1.0000
57,Effective Haskell,Rebecca Skinner,openlibrary,/works/OL27817431W,Effective Haskell,Rebecca Skinner,"O'Reilly Media, Incorporated",ingles,9781680509342,1680509349,1.0000,1.0000,1.0000,0.3043,0.9304
57,Effective Haskell,Rebecca Skinner,google_books,JslYEQAAQBAJ,Effective Haskell,Rebecca Skinner,The Pragmatic Programmers LLC,ingles,9798888650394,,1.0000,1.0000,1.0000,0.6429,0.9643
58,The Little Typer,Daniel P. Friedman; David Thrane Christiansen,openlibrary,/works/OL20186830W,The Little Typer,Daniel P. Friedman; David Thrane Christiansen,The MIT Press,ingles,9780262351003,0262350998,1.0000,1.0000,1.0000,1.0000,1.0000
58,The Little Typer,Daniel P. Friedman; David Thrane Christiansen,google_books,sLJyDwAAQBAJ,The Little Typer,Daniel P. Friedman; David Thrane Christiansen,MIT Press,ingles,9780262536431,0262536439,1.0000,1.0000,1.0000,1.0000,1.0000
60,Learn You a Haskell for Great Good!,Miran Lipovaca,openlibrary,/works/OL15916305W,Learn you a Haskell for great good!,Miran Lipovača,No Starch Press,ingles,9781593272838,1593272952,1.0000,1.0000,1.0000,1.0000,1.0000
61,Purely Functional Data Structures,Chris Okasaki,openlibrary,/works/OL1863182W,Purely functional data structures,Chris Okasaki,Cambridge University Press,ingles,9781283870801,0511825137,1.0000,1.0000,1.0000,1.0000,1.0000
61,Purely Functional Data Structures,Chris Okasaki,google_books,IV8hAwAAQBAJ,Purely Functional Data Structures,Chris Okasaki,Cambridge University Press,ingles,9781139811019,1139811010,1.0000,1.0000,1.0000,1.0000,1.0000
62,iOS 10 Programming for Beginners,Craig Clayton,openlibrary,/works/OL19546249W,iOS 10 Programming for Beginners,Craig Clayton,Packt Publishing - ebooks Account,desconocido,9781786464507,1786464500,1.0000,1.0000,0.5000,0.5000,0.9000
63,Empowering Marketing and Sales with HubSpot,Resa Gooding,openlibrary,/works/OL25343662W,Empowering Marketing and Sales with HubSpot,Resa Gooding,"de Gruyter GmbH, Walter",ingles,9781838987145,1838984437,1.0000,1.0000,1.0000,0.5000,0.9500
63,Empowering Marketing and Sales with HubSpot,Resa Gooding,google_books,r-d3EAAAQBAJ,Empowering Marketing and Sales with HubSpot,Resa Gooding,Packt Publishing Ltd,ingles,9781838984434,1838984437,1.0000,1.0000,1.0000,0.5000,0.9500
63,Empowering Marketing and Sales with HubSpot,Resa Gooding,google_books,toEHzgEACAAJ,Empowering Marketing and Sales with HubSpot,Resa Gooding,Packt Publishing,ingles,9781838987145,1838987142,1.0000,1.0000,1.0000,0.5000,0.9500
64,Moodle 4 Administration,Alex Buchner,openlibrary,/works/OL29332860W,Moodle 4 Administration,Alex Büchner,"de Gruyter GmbH, Walter",ingles,9781801816724,1803230320,1.0000,1.0000,1.0000,0.5000,0.9500
65,Moodle 4 E-Learning Course Development,Susan Smith Nash,openlibrary,/works/OL38116112W,Moodle 4 e-Learning Course Development,Susan Smith Nash,"de Gruyter GmbH, Walter",ingles,9781801078399,1801078394,1.0000,1.0000,1.0000,0.5000,0.9500
66,Le Langage Caml,Pierre Weis; Xavier Leroy,openlibrary,/works/OL19883467W,Le Langage Caml,Pierre Weis,InterEditions,frances,9782729606398,2729606394,1.0000,1.0000,1.0000,0.5000,0.9500
67,ML for the Working Programmer,Lawrence C. Paulson,openlibrary,/works/OL3260271W,ML for the working programmer,Lawrence C. Paulson,Cambridge University Press,ingles,9780521565431,052156543X,1.0000,1.0000,1.0000,1.0000,1.0000
67,ML for the Working Programmer,Lawrence C. Paulson,google_books,XppZdaDs7e0C,ML for the Working Programmer,Lawrence C. Paulson,Cambridge University Press,ingles,9780521565431,052156543X,1.0000,1.0000,1.0000,1.0000,1.0000
68,Low-Code Application Development with Appian,Stefan Helzle,openlibrary,/works/OL27806389W,Low-Code Application Development with Appian,Stefan Helzle,"de Gruyter GmbH, Walter",ingles,9781800208278,1800205627,1.0000,1.0000,1.0000,0.5000,0.9500
68,Low-Code Application Development with Appian,Stefan Helzle,google_books,JLhrEAAAQBAJ,Low-Code Application Development with Appian,Stefan Helzle,Packt Publishing Ltd,ingles,9781800208278,1800208278,1.0000,1.0000,1.0000,0.5000,0.9500
69,The Definition of Standard ML,Robin Milner; Mads Tofte; Robert Harper; David MacQueen,openlibrary,/works/OL17832711W,The definition of standard ML,"R. Milner; Robin Milner; Mads Tofte; Harper, Robert; David MacQueen",MIT Press,ingles,9780262631815,0262296993,1.0000,1.0000,1.0000,1.0000,1.0000
69,The Definition of Standard ML,Robin Milner; Mads Tofte; Robert Harper; David MacQueen,openlibrary,/works/OL7950508W,The definition of Standard ML,Robin Milner,MIT Press,ingles,9780262132558,0262631326,1.0000,1.0000,1.0000,1.0000,1.0000
69,The Definition of Standard ML,Robin Milner; Mads Tofte; Robert Harper; David MacQueen,google_books,e0PhKfbj-p8C,The Definition of Standard ML,Robin Milner,MIT Press,ingles,9780262631815,0262631814,1.0000,1.0000,1.0000,1.0000,1.0000
70,The Seasoned Schemer,Daniel P. Friedman; Matthias Felleisen,openlibrary,/works/OL2938930W,The seasoned schemer,Daniel P. Friedman,MIT Press,ingles,9780262332484,0262287889,1.0000,1.0000,1.0000,1.0000,1.0000
70,The Seasoned Schemer,Daniel P. Friedman; Matthias Felleisen,google_books,s54LEAAAQBAJ,"The Seasoned Schemer, second edition",Daniel P. Friedman; Matthias Felleisen,MIT Press,ingles,9780262561006,026256100X,1.0000,1.0000,1.0000,1.0000,1.0000
71,The Little MLer,Matthias Felleisen; Daniel P. Friedman,openlibrary,/works/OL2729083W,The little MLer,Matthias Felleisen,MIT Press,ingles,9780262561143,026256114X,1.0000,1.0000,1.0000,1.0000,1.0000
72,Domain-Driven Design,Eric Evans,openlibrary,/works/OL4464385W,Domain-Driven Design,Eric Evans,Addison-Wesley Professional,ingles,9780321125217,0321125215,1.0000,1.0000,1.0000,1.0000,1.0000
72,Domain-Driven Design,Eric Evans,openlibrary,/works/OL22655947W,Domain-Driven Design Reference,Eric Evans,"Dog Ear Publishing, LLC",desconocido,9781457501197,1457501198,1.0000,1.0000,0.5000,0.2778,0.8778
72,Domain-Driven Design,Eric Evans,openlibrary,/works/OL25370128W,Domain-Driven Design,Eric Evans,"Pearson Education, Limited",ingles,9780132181266,0132181274,1.0000,1.0000,1.0000,0.3590,0.9359
72,Domain-Driven Design,Eric Evans,openlibrary,/works/OL35118698W,Domain-driven design),Eric Evans ZHU,Tsinghua University Press,desconocido,9787302115762,7302115761,1.0000,1.0000,0.5000,0.3077,0.8808
72,Domain-Driven Design,Eric Evans,openlibrary,/works/OL30131892W,Domain-Driven Design Referenz,Sonja Scheungrab; Michael Plöd; Christian Stettler; Eberhard Wolff; Eric Evans,Independently Published,aleman,9781794172593,1794172599,1.0000,1.0000,0.0000,0.3243,0.8324
73,Les Fourmis,Bernard Werber,openlibrary,/works/OL136531W,Les fourmis,Bernard Werber,A. Michel,frances,9782253063339,2253063339,1.0000,1.0000,1.0000,0.4000,0.9400
73,Les Fourmis,Bernard Werber,openlibrary,/works/OL136528W,Le jour des fourmis,Bernard Werber,A. Michel,frances,9782253137245,2226061185,0.7778,1.0000,1.0000,0.4000,0.8178
73,Les Fourmis,Bernard Werber,openlibrary,/works/OL8996478W,Les Fourmis,Bernard Werber,Livre de Poche,frances,9782253063339,2253063339,1.0000,1.0000,1.0000,1.0000,1.0000
73,Les Fourmis,Bernard Werber,openlibrary,/works/OL136520W,Le Livre Secret DES Fourmis,Bernard Werber,Albin Michel,frances,9782226065834,2290147419,0.7778,1.0000,1.0000,0.4138,0.8192
73,Les Fourmis,Bernard Werber,openlibrary,/works/OL15251627W,Le Jour des Fourmis,Bernard Werber,Livre de Poche,frances,9782253137245,2253137243,0.7778,1.0000,1.0000,1.0000,0.8778
73,Les Fourmis,Bernard Werber,openlibrary,/works/OL17781000W,Le livre secret des fourmis,Bernard Werber,Librairie ge ne rale franc ʹaise,frances,9782253155768,2253155764,0.7778,1.0000,1.0000,0.4167,0.8194
74,Le Jour des Fourmis,Bernard Werber,openlibrary,/works/OL136528W,Le jour des fourmis,Bernard Werber,A. Michel,frances,9782253137245,2226061185,1.0000,1.0000,1.0000,0.4000,0.9400
74,Le Jour des Fourmis,Bernard Werber,openlibrary,/works/OL15251627W,Le Jour des Fourmis,Bernard Werber,Livre de Poche,frances,9782253137245,2253137243,1.0000,1.0000,1.0000,1.0000,1.0000
75,The Gods Themselves,Isaac Asimov,openlibrary,/works/OL46395W,The Gods Themselves,Isaac Asimov,Tandem Library,espanol,9780394299877,0575129050,1.0000,1.0000,0.0000,0.5000,0.8500
76,Chronomaster,Roger Zelazny; Jane Lindskold,openlibrary,/works/OL15345997W,Chronomaster,Roger Zelazny,Prima Publishing,ingles,9780761504139,0761504133,1.0000,1.0000,1.0000,0.5000,0.9500
77,Planeta de los simios,Pierre Boulle,openlibrary,/works/OL42425404W,Planeta de Los Simios / Planet of the Apes,Pierre Boulle,Ediciones B Mexico,espanol,9788413149851,8413149851,1.0000,1.0000,1.0000,0.5000,0.9500
78,Code of the Lifemaker,James P. Hogan,openlibrary,/works/OL175689W,Code of the lifemaker,James P. Hogan,Del rey,ingles,9781604504569,0743435265,1.0000,1.0000,1.0000,1.0000,1.0000
78,Code of the Lifemaker,James P. Hogan,google_books,TID161O-9koC,Code of the Lifemaker,James P. Hogan,Baen Books,ingles,9780743435260,0743435265,1.0000,1.0000,1.0000,0.2353,0.9235
80,Inferno,Larry Niven; Jerry Pournelle,openlibrary,/works/OL8262132W,Inferno,Larry Niven; Jerry Pournelle,Orb / SFBC,ingles,9780671820589,0352397292,1.0000,1.0000,1.0000,0.3000,0.9300
81,Rocheworld,Robert L. Forward,openlibrary,/works/OL84294W,Rocheworld,Robert L. Forward,Baen Books,ingles,9780671698690,5555716117,1.0000,1.0000,1.0000,0.5000,0.9500
81,Rocheworld,Robert L. Forward,openlibrary,/works/OL13418890W,Return to Rocheworld,Robert L. Forward; Julie Forward Fuller,Baen,ingles,9780595166169,0595166164,1.0000,1.0000,1.0000,0.5000,0.9500
81,Rocheworld,Robert L. Forward,openlibrary,/works/OL15554183W,Return to Rocheworld,Robert L. Forward,Baen Books,ingles,9780671721534,0671721534,1.0000,1.0000,1.0000,0.5000,0.9500
83,Neutron Star,Larry Niven,openlibrary,/works/OL510448W,Neutron Star,Larry Niven,Macdonald & Co.,ingles,9780345296658,0345270657,1.0000,1.0000,1.0000,0.5000,0.9500
83,Neutron Star,Larry Niven,openlibrary,/works/OL37904999W,Neutron Star,Larry Niven,Ballantine Books,ingles,9780345234414,0345234413,1.0000,1.0000,1.0000,0.5000,0.9500
84,Starquake,Robert L. Forward,openlibrary,/works/OL84295W,Starquake,Robert L. Forward,Ballantine Books,ingles,9780345312327,0345312325,1.0000,1.0000,1.0000,0.5000,0.9500
84,Starquake,Robert L. Forward,openlibrary,/works/OL15348302W,Dragon's Egg/Starquake,Robert L. Forward,Del Rey,ingles,9780345388988,0345388984,1.0000,1.0000,1.0000,0.5000,0.9500
85,Amazing Fantastic Incredible,Stan Lee; Peter David; Colleen Doran,openlibrary,/works/OL20013065W,Amazing fantastic incredible,Stan Lee,Touchstone,ingles,9781501107726,1501107720,1.0000,1.0000,1.0000,0.5000,0.9500
85,Amazing Fantastic Incredible,Stan Lee; Peter David; Colleen Doran,openlibrary,/works/OL22706038W,Amazing Fantastic Incredible,Stan Lee,Simon & Schuster UK,desconocido,9781471184451,1471184455,1.0000,1.0000,0.5000,1.0000,0.9500
85,Amazing Fantastic Incredible,Stan Lee; Peter David; Colleen Doran,openlibrary,/works/OL20153272W,Amazing Fantastic Incredible,Stan Lee; Peter David; Colleen Doran,Gallery 13,ingles,9781501107764,1501107763,1.0000,1.0000,1.0000,0.1667,0.9167
87,Voyage au centre de la Terre,Jules Verne,openlibrary,/works/OL1099513W,Voyage au Centre de la Terre,Jules Verne,"Open Road Integrated Media, Inc.",italiano,9788537817223,2070514374,1.0000,1.0000,0.0000,0.5000,0.8500
87,Voyage au centre de la Terre,Jules Verne,openlibrary,/works/OL28724778W,Voyage Au Centre de la Terre,Jules Verne,Independently published,frances,9798767200122,1973140861,1.0000,1.0000,1.0000,0.5000,0.9500
87,Voyage au centre de la Terre,Jules Verne,openlibrary,/works/OL40964128W,Voyage Au Centre de la Terre,Jules Verne,Hollybook,frances,9781535576093,1517465435,1.0000,1.0000,1.0000,0.5000,0.9500
87,Voyage au centre de la Terre,Jules Verne,openlibrary,/works/OL30660917W,Voyage Au Centre de la Terre,Jules Verne,Independently Published,frances,9798638731540,,1.0000,1.0000,1.0000,0.5000,0.9500
87,Voyage au centre de la Terre,Jules Verne,openlibrary,/works/OL29942061W,Voyage Au Centre de la Terre,Jules Verne,Independently Published,frances,9781798486603,1792049749,1.0000,1.0000,1.0000,0.5000,0.9500
87,Voyage au centre de la Terre,Jules Verne,openlibrary,/works/OL36271696W,Voyage Au Centre de la Terre,Jules Verne,Independently Published,frances,9798466329018,,1.0000,1.0000,1.0000,0.5000,0.9500
87,Voyage au centre de la Terre,Jules Verne,openlibrary,/works/OL34290017W,Voyage Au Centre de la Terre,Jules Verne,Independently Published,frances,9798536649053,,1.0000,1.0000,1.0000,0.5000,0.9500
87,Voyage au centre de la Terre,Jules Verne,openlibrary,/works/OL26186597W,Voyage au centre de la Terre,Jules Verne,Gallimard jeunesse,frances,9782070617210,2070617211,1.0000,1.0000,1.0000,0.5000,0.9500
87,Voyage au centre de la Terre,Jules Verne,openlibrary,/works/OL27680160W,Voyage au centre de la terre,Jules Verne,Hachette jeunesse,frances,9782010046216,2010046218,1.0000,1.0000,1.0000,0.5000,0.9500
87,Voyage au centre de la Terre,Jules Verne,openlibrary,/works/OL29620567W,Voyage Au Centre de la Terre,Jules Verne,Independently Published,frances,9781792690143,1983139378,1.0000,1.0000,1.0000,0.5000,0.9500
88,Recursions,Tony Ballantyne,openlibrary,/works/OL6212442W,Recursion,Tony Ballantyne,Tor,ingles,9781405041393,1405041390,0.9474,1.0000,1.0000,0.5000,0.9211
89,Roma Eterna,Robert Silverberg,openlibrary,/works/OL1960468W,Roma Eterna,Robert Silverberg; R Silverberg,Gollancz,ingles,9780062014382,2221098544,1.0000,1.0000,0.0000,0.3636,0.8364
89,Roma Eterna,Robert Silverberg,openlibrary,/works/OL35693066W,Roma Eterna,Robert Silverberg,"Orion Publishing Group, Limited",ingles,9780575106468,0575106468,1.0000,1.0000,0.0000,0.0606,0.8061
89,Roma Eterna,Robert Silverberg,openlibrary,/works/OL20315426W,Roma Eterna,Robert Silverberg,Gollancz,desconocido,9780575075566,0575075562,1.0000,1.0000,0.5000,0.3636,0.8864
89,Roma Eterna,Robert Silverberg,openlibrary,/works/OL44576366W,Roma Eterna,Robert Silverberg,"Blackstone Audio, Incorporated",ingles,9798212877794,,1.0000,1.0000,0.0000,0.1875,0.8188
90,Fundacion,Isaac Asimov,openlibrary,/works/OL26391140W,SEGUNDA FUNDACION,Isaac Asimov,DEBOLS LLO,desconocido,9789875664586,9875664588,1.0000,1.0000,0.5000,0.5000,0.9000
90,Fundacion,Isaac Asimov,openlibrary,/works/OL37250514W,Fundación y Tierra,Isaac Asimov,Plaza & Janés,desconocido,9788401322174,8401322170,1.0000,1.0000,0.5000,0.5000,0.9000
90,Fundacion,Isaac Asimov,openlibrary,/works/OL37250515W,Fundación y Tierra,Isaac Asimov,Plaza & Janés,desconocido,9788401322174,8401322170,1.0000,1.0000,0.5000,0.5000,0.9000
90,Fundacion,Isaac Asimov,openlibrary,/works/OL34790179W,Trilogía Fundación,Isaac Asimov; Manuel de los Reyes,Plaza & Janes,desconocido,9788418037542,8418037547,1.0000,1.0000,0.5000,0.5000,0.9000
91,Pavane,Keith Roberts,openlibrary,/works/OL286374W,Pavane,Keith Roberts,Doubleday,ingles,9780575034372,014007287X,1.0000,1.0000,1.0000,0.5000,0.9500
91,Pavane,Keith Roberts,openlibrary,/works/OL35683308W,Pavane,Keith Roberts,"Orion Publishing Group, Limited",ingles,9780575061033,0575104252,1.0000,1.0000,1.0000,0.5000,0.9500
91,Pavane,Keith Roberts,openlibrary,/works/OL27780752W,Pavane,Keith Roberts,Gollancz,desconocido,9781857989373,1857989376,1.0000,1.0000,0.5000,0.5000,0.9000
91,Pavane,Keith Roberts,openlibrary,/works/OL20869523W,Pavane,Keith Roberts,Hart-Davis,ingles,9781882968398,1882968395,1.0000,1.0000,1.0000,0.5000,0.9500
91,Pavane,Keith Roberts,openlibrary,/works/OL31915876W,Pavane,Keith Roberts,Berkley,desconocido,9780425031421,042503142X,1.0000,1.0000,0.5000,0.5000,0.9000
91,Pavane,Keith Roberts,openlibrary,/works/OL31387198W,Pavane,Keith Roberts,Ace Books,ingles,9780441654314,0441654312,1.0000,1.0000,1.0000,0.5000,0.9500
91,Pavane,Keith Roberts,openlibrary,/works/OL36009795W,Pavane (Del Rey Impact),Keith Roberts,Tandem Library,ingles,9781417708413,1417708417,1.0000,1.0000,1.0000,0.5000,0.9500
91,Pavane,Keith Roberts,google_books,lxZmtwAACAAJ,Pavane,Keith Roberts,desconocido,aleman,9783453310346,3453310349,1.0000,1.0000,0.0000,0.5000,0.8500
91,Pavane,Keith Roberts,google_books,ROgwPAAACAAJ,Pavane,Keith Roberts,desconocido,aleman,9783453062245,3453062248,1.0000,1.0000,0.0000,0.5000,0.8500
92,Children of Ruin,Adrian Tchaikovsky,openlibrary,/works/OL20079532W,Children of Ruin,Adrian Tchaikovsky,Orbit,ingles,9780316452533,0316452548,1.0000,1.0000,1.0000,0.5000,0.9500
92,Children of Ruin,Adrian Tchaikovsky,openlibrary,/works/OL20913896W,Children Of Ruin EXPORT,Adrian Tchaikovsky,desconocido,desconocido,9781509865871,150986587X,1.0000,1.0000,0.5000,0.5000,0.9000
92,Children of Ruin,Adrian Tchaikovsky,openlibrary,/works/OL36481446W,"Children of Time 3-Book Set by Adrian Tchaikovsky (Children of Time, Children of Ruin, Children of Memory)",Adrian Tchaikovsky,STEMCOOL,ingles,9781637990247,1637990243,1.0000,1.0000,1.0000,0.3636,0.9364
92,Children of Ruin,Adrian Tchaikovsky,google_books,ENR6DwAAQBAJ,Children of Ruin,Adrian Tchaikovsky,Pan Macmillan,ingles,9781509865864,1509865861,1.0000,1.0000,1.0000,0.0000,0.9000
93,Fractal Noise,Christopher Paolini,openlibrary,/works/OL29191055W,Fractal Noise,Christopher Paolini,Tor Books,ingles,9781035001118,1250862485,1.0000,1.0000,1.0000,1.0000,1.0000
93,Fractal Noise,Christopher Paolini,openlibrary,/works/OL35749905W,Sneak Peek for Fractal Noise,Christopher Paolini,"Doherty Associates, LLC, Tom",ingles,9781250323057,1250323053,1.0000,1.0000,1.0000,0.2069,0.9207
93,Fractal Noise,Christopher Paolini,openlibrary,/works/OL36478119W,"FractalVerse 2-Book Set by Christopher Paolini (to Sleep in a Sea of Stars, Fractal Noise)",Christopher Paolini,STEMCOOL,ingles,9781637990230,1637990235,1.0000,1.0000,1.0000,0.3636,0.9364
94,Project Hail Mary,Andy Weir,openlibrary,/works/OL21745884W,Project Hail Mary,Andy Weir,Muza,ingles,9781473582583,9189298322,1.0000,1.0000,1.0000,0.0000,0.9000
94,Project Hail Mary,Andy Weir,openlibrary,/works/OL44561426W,Project Hail Mary,Andy Weir,"Penguin Books, Limited",ingles,9781804953693,1804953695,1.0000,1.0000,1.0000,0.2143,0.9214
94,Project Hail Mary,Andy Weir,openlibrary,/works/OL36735881W,"Andy Weir's 3-Book Collection Set (Project Hail Mary, Artemis, the Martian)",Andy Weir,STEMCOOL,ingles,9781637990520,1637990529,1.0000,1.0000,1.0000,0.2667,0.9267
94,Project Hail Mary,Andy Weir,google_books,CnSJEQAAQBAJ,Project Hail Mary (Movie Tie-In),Andy Weir,Random House,ingles,9798217299461,,1.0000,1.0000,1.0000,0.3158,0.9316
94,Project Hail Mary,Andy Weir,google_books,pmGREAAAQBAJ,Proyecto Hail Mary / Project Hail Mary,Andy Weir,National Geographic Books,espanol,9788418037016,8418037016,1.0000,1.0000,0.0000,0.1250,0.8125
94,Project Hail Mary,Andy Weir,google_books,79nAzQEACAAJ,Project Hail Mary,Andy Weir,Del Rey,ingles,9781529100624,1529100623,1.0000,1.0000,1.0000,1.0000,1.0000
94,Project Hail Mary,Andy Weir,google_books,XT-OEAAAQBAJ,Project Hail Mary,Andy Weir,National Geographic Books,ingles,9780593395561,0593395565,1.0000,1.0000,1.0000,0.1250,0.9125
94,Project Hail Mary,Andy Weir,google_books,_RH2DwAAQBAJ,Project Hail Mary,Andy Weir,Random House,ingles,9781473582583,147358258X,1.0000,1.0000,1.0000,0.3158,0.9316
94,Project Hail Mary,Andy Weir,google_books,GBuKEQAAQBAJ,Project Hail Mary (Urania Jumbo),Andy Weir,Edizioni Mondadori,italiano,9788835745839,8835745837,1.0000,1.0000,0.0000,0.2400,0.8240
94,Project Hail Mary,Andy Weir,google_books,uxAl0AEACAAJ,"Andy Weir's 3-Book Collection Set (Project Hail Mary, Artemis, the Martian)",Andy Weir,desconocido,ingles,9781637990520,1637990529,1.0000,1.0000,1.0000,0.5000,0.9500
94,Project Hail Mary,Andy Weir,google_books,22WazgEACAAJ,Project Hail Mary,Weir Andy,desconocido,desconocido,9788925588735,8925588730,1.0000,1.0000,0.5000,0.5000,0.9000
95,Contact,Carl Sagan,openlibrary,/works/OL2950903W,Contact,Carl Sagan,Huang guan wen hua chu ban yu xian gong si,ingles,9788401491252,8401462231,1.0000,1.0000,1.0000,0.5000,0.9500
96,Mars Trilogy,Edgar Rice Burroughs,openlibrary,/works/OL16307946W,Mars trilogy,Edgar Rice Burroughs,Simon & Schuster Books for Young Readers,ingles,9781442446335,1442423870,1.0000,1.0000,1.0000,0.5000,0.9500
96,Mars Trilogy,Edgar Rice Burroughs,openlibrary,/works/OL27304403W,The Mars trilogy 2,Edgar Rice Burroughs,ERBville Press,ingles,9781936720194,1936720191,1.0000,1.0000,1.0000,0.5000,0.9500
96,Mars Trilogy,Edgar Rice Burroughs,openlibrary,/works/OL40961674W,Mars Trilogy,Edgar Rice Burroughs,CreateSpace Independent Publishing Platform,ingles,9781544210100,1544210108,1.0000,1.0000,1.0000,0.5000,0.9500
96,Mars Trilogy,Edgar Rice Burroughs,openlibrary,/works/OL24671821W,"Mars trilogy, Edgar Rice Burroughs",Edgar Rice Burroughs,CreateSpace Independent Publishing Platform,desconocido,9781546540205,1546540202,1.0000,1.0000,0.5000,0.5000,0.9000
96,Mars Trilogy,Edgar Rice Burroughs,openlibrary,/works/OL41066472W,John Carter of Mars : Trilogy,Edgar Rice Burroughs,CreateSpace Independent Publishing Platform,ingles,9781535555654,1535555653,1.0000,1.0000,1.0000,0.5000,0.9500
96,Mars Trilogy,Edgar Rice Burroughs,openlibrary,/works/OL21411925W,Edgar Rice Burroughs Combo #3 : The Mars Books Volume I : The Original John Carter Trilogy,Edgar Rice Burroughs,CreateSpace Independent Publishing Platform,desconocido,9781492387121,1492387126,1.0000,1.0000,0.5000,0.5000,0.9000
96,Mars Trilogy,Edgar Rice Burroughs,openlibrary,/works/OL21411935W,Edgar Rice Burroughs Combo #3 : The Mars Books Volume I - Large Print Edition : The Original John Carter Trilogy,Edgar Rice Burroughs,Createspace Independent Publishing Platform,desconocido,9781492388050,149238805X,1.0000,1.0000,0.5000,0.5000,0.9000
96,Mars Trilogy,Edgar Rice Burroughs,openlibrary,/works/OL19369966W,"The John Carter Trilogy of Edgar Rice Burroughs: A Princess of Mars, the Gods of Mars and the Warlord of Mars -A Pulp-Lit Annotated Omnibus Edition",Edgar Rice Burroughs; Finn J D John,Pulp-Lit Productions,desconocido,9781945032004,1945032006,1.0000,1.0000,0.5000,0.5000,0.9000
97,Entoverse,James P. Hogan,openlibrary,/works/OL175685W,Entoverse,James P. Hogan,Del Rey,ingles,9780345379429,0345360303,1.0000,1.0000,1.0000,0.1667,0.9167
97,Entoverse,James P. Hogan,openlibrary,/works/OL15855710W,James P. Hogan's Entoverse,James P. Hogan,Ballantine Books,ingles,9780345360304,0345360303,1.0000,1.0000,1.0000,0.1905,0.9190
97,Entoverse,James P. Hogan,openlibrary,/works/OL19661157W,Entoverse [Japanese Edition] (Volume # 2),James P. Hogan,Tokyo Sogensha,desconocido,9784488013639,4488013635,1.0000,1.0000,0.5000,0.2105,0.8711
98,Ringworld Engineers,Larry Niven,openlibrary,/works/OL510404W,The Ringworld Engineers (Ringworld),Larry Niven,"Books on Tape, Inc.",ingles,9783404242399,0575027916,1.0000,1.0000,0.0000,0.5000,0.8500
98,Ringworld Engineers,Larry Niven,openlibrary,/works/OL32465894W,Ringworld Engineers,Larry Niven; Paul Michael Garcia,"Blackstone Audio, Incorporated",ingles,9781455126637,1455126632,1.0000,1.0000,0.0000,0.5000,0.8500
99,Dune,Frank Herbert,openlibrary,/works/OL893415W,Dune,Frank Herbert,AST,aleman,9782221252055,0606031111,1.0000,1.0000,0.0000,0.5000,0.8500
99,Dune,Frank Herbert,openlibrary,/works/OL893526W,Dune Messiah,Frank Herbert,AST,aleman,9782266154512,5237041485,1.0000,1.0000,0.0000,0.5000,0.8500
99,Dune,Frank Herbert,openlibrary,/works/OL893516W,Children of Dune,Frank Herbert,Tandem Library,espanol,9788373017269,2221259939,1.0000,1.0000,0.0000,0.5000,0.8500
99,Dune,Frank Herbert,openlibrary,/works/OL893515W,God Emperor of Dune,Frank Herbert,Brand: Macmillan Audio,aleman,9782221252321,838188778X,1.0000,1.0000,0.0000,0.5000,0.8500
99,Dune,Frank Herbert,openlibrary,/works/OL893502W,Heretics of Dune,Frank Herbert,Heyne,ingles,9780425087329,8473863488,1.0000,1.0000,1.0000,0.5000,0.9500
99,Dune,Frank Herbert,openlibrary,/works/OL893508W,Chapterhouse Dune,Frank Herbert,Putnam,aleman,9780808599623,0593201779,1.0000,1.0000,0.0000,0.5000,0.8500
99,Dune,Frank Herbert,openlibrary,/works/OL893444W,The Great Dune Trilogy,Frank Herbert,Berkley,ingles,9780575070707,0425048187,1.0000,1.0000,1.0000,0.5000,0.9500
99,Dune,Frank Herbert,openlibrary,/works/OL893474W,The road to Dune,Frank Herbert; Kevin J. Anderson; Brian Herbert; Scott Brick; Herbert Franke; Brian Herbert,"Doherty Associates, LLC, Tom",ingles,9781593977764,0340837462,1.0000,1.0000,1.0000,0.5000,0.9500
99,Dune,Frank Herbert,openlibrary,/works/OL893425W,Dune messiah & Children of Dune,Frank Herbert,SFBC,ingles,9780739423998,0739423991,1.0000,1.0000,1.0000,0.5000,0.9500
99,Dune,Frank Herbert,openlibrary,/works/OL27869171W,Dune Messiah,Frank Herbert,Penguin Publishing Group,ingles,9781804228036,1804228036,1.0000,1.0000,1.0000,0.5000,0.9500
101,2001: Odisea Espacial,Arthur C. Clarke,openlibrary,/works/OL37859167W,2001 : una Odisea Espacial / 2001,Arthur C. Clarke,Penguin Random House Grupo Editorial,espanol,9786073838399,6073838395,1.0000,1.0000,1.0000,0.5000,0.9500
102,The Human Division,John Scalzi,openlibrary,/works/OL19966149W,The human division,John Scalzi,Tor,ingles,9780765333513,0765333511,1.0000,1.0000,1.0000,1.0000,1.0000
102,The Human Division,John Scalzi,openlibrary,/works/OL19346651W,"Old Man's War Series: (Old Man's War, The Ghost Brigades, The Last Colony, Zoe's Tale, The Human Division, The End of All Things)",John Scalzi,Tor Books,ingles,9780765396761,0765396769,1.0000,1.0000,1.0000,1.0000,1.0000
103,Artificial Intelligence: A Modern Approach,Stuart Russell; Peter Norvig,google_books,8jZBksh-bUMC,Artificial Intelligence,Stuart Jonathan Russell; Peter Norvig; Ernest Davis,Prentice Hall,ingles,9780136042594,0136042597,1.0000,1.0000,1.0000,1.0000,1.0000
103,Artificial Intelligence: A Modern Approach,Stuart Russell; Peter Norvig,google_books,koFptAEACAAJ,Artificial Intelligence,Stuart Russell; Peter Norvig,Pearson Higher Education,ingles,9780134610993,0134610997,1.0000,1.0000,1.0000,0.2703,0.9270
103,Artificial Intelligence: A Modern Approach,Stuart Russell; Peter Norvig,google_books,5WfMAQAACAAJ,Artificial Intelligence: A Modern Approach 2Nd Ed.,Stuart J. Russell,desconocido,ingles,9781876445546,1876445548,1.0000,0.9333,1.0000,0.5000,0.9333
103,Artificial Intelligence: A Modern Approach,Stuart Russell; Peter Norvig,google_books,_BV6DAAAQBAJ,"Artificial Intelligence: A Modern Approach, Global Edition",Stuart Russell; Peter Norvig,Pearson Higher Ed,ingles,9781292153971,1292153970,1.0000,1.0000,1.0000,0.3333,0.9333
104,Data Structures and Problem Solving with C++,Mark Allen Weiss,openlibrary,/works/OL1958929W,"Algorithms, data structures, and problem solving with C++",Mark Allen Weiss,Addison-Wesley Pub. Co.,ingles,9780805316667,0805316663,1.0000,1.0000,1.0000,1.0000,1.0000
105,Introduction to the Theory of Computation,Michael Sipser,openlibrary,/works/OL19859284W,Introduction to the theory of computation,Michael Sipser,Cengage Learning,ingles,9781133187790,113318779X,1.0000,1.0000,1.0000,1.0000,1.0000
105,Introduction to the Theory of Computation,Michael Sipser,openlibrary,/works/OL2927329W,Introduction to the Theory of Computation,Michael Sipser,Course Technology,ingles,9780534950972,0534950973,1.0000,1.0000,1.0000,0.3333,0.9333
105,Introduction to the Theory of Computation,Michael Sipser,openlibrary,/works/OL2927330W,Introduction to the theory of computation,Michael Sipser,PWS Pub. Co.,ingles,9780534947286,053494728X,1.0000,1.0000,1.0000,0.1176,0.9118
105,Introduction to the Theory of Computation,Michael Sipser,openlibrary,/works/OL20910603W,Introduction to the Theory of Computation. Michael Sipser,Michael Sipser,Thomson South-Western,desconocido,9781133187813,1133187811,1.0000,1.0000,0.5000,0.1429,0.8643
105,Introduction to the Theory of Computation,Michael Sipser,openlibrary,/works/OL34546133W,Introduction to the Theory of Computation (Ise),Michael Sipser,Course Technology Inc,desconocido,9780619217648,0619217642,1.0000,1.0000,0.5000,0.2857,0.8786
106,Feynman Lectures on Computation,Richard P. Feynman,openlibrary,/works/OL514615W,Feynman lectures on computation,Richard Phillips Feynman,Addison-Wesley,ingles,9780201489910,0738202967,1.0000,0.9375,1.0000,1.0000,0.9844
106,Feynman Lectures on Computation,Richard P. Feynman,openlibrary,/works/OL25241008W,Feynman Lectures on Computation,Richard Phillips Feynman,Taylor & Francis Group,ingles,9780429991158,0429991150,1.0000,0.9375,1.0000,0.3529,0.9197
106,Feynman Lectures on Computation,Richard P. Feynman,openlibrary,/works/OL25831265W,Feynman Lectures On Computation,Richard Phillips Feynman; Anthony Hey,Avalon Publishing,ingles,9780813345451,0813345456,1.0000,0.9375,1.0000,0.3226,0.9166
106,Feynman Lectures on Computation,Richard P. Feynman,openlibrary,/works/OL29343881W,Feynman Lectures on Computation,Richard Phillips Feynman; Anthony J. G. Hey; Robin W. Allen,"Penguin Books, Limited",ingles,9780140284515,0140284516,1.0000,0.9375,1.0000,0.2286,0.9072
109,Python Distilled,David M. Beazley,openlibrary,/works/OL25803481W,Python Distilled,David M. Beazley,"Pearson Education, Limited",ingles,9780134173405,0134173376,1.0000,1.0000,1.0000,0.3590,0.9359
110,Prolog Programming for Artificial Intelligence,Ivan Bratko,openlibrary,/works/OL4437689W,Prolog programming for artificial intelligence,"Ivan Bratko; Bratko, Ivan.; Ivan Bratko",Addison-Wesley,ingles,9780201403756,5845906644,1.0000,1.0000,1.0000,1.0000,1.0000
111,Number Theory in Science and Communication,M.R. Schroeder,openlibrary,/works/OL9075206W,Number Theory in Science and Communication,M.R. Schroeder,Springer,ingles,9783540265962,3540265961,1.0000,1.0000,1.0000,1.0000,1.0000
114,How Linux Works,Brian Ward,openlibrary,/works/OL2725099W,How Linux Works,Brian Ward,No Starch Press,ingles,9781718500402,1593275676,1.0000,1.0000,1.0000,1.0000,1.0000
114,How Linux Works,Brian Ward,openlibrary,/works/OL36397519W,How Linux Work,Brian Ward,Independently Published,ingles,9798483731795,,0.9655,1.0000,1.0000,0.3158,0.9126
114,How Linux Works,Brian Ward,openlibrary,/works/OL40785190W,How Linux Works,Brian Ward,CreateSpace Independent Publishing Platform,ingles,9781548955823,1548955825,1.0000,1.0000,1.0000,0.2759,0.9276
114,How Linux Works,Brian Ward,google_books,73okEAAAQBAJ,"How Linux Works, 3rd Edition",Brian Ward,No Starch Press,ingles,9781718500402,1718500408,1.0000,1.0000,1.0000,1.0000,1.0000
114,How Linux Works,Brian Ward,google_books,36O7zgEACAAJ,"How Linux Works, 3rd Edition",Brian Ward,desconocido,ingles,9781098128913,1098128915,1.0000,1.0000,1.0000,0.5000,0.9500
114,How Linux Works,Brian Ward,google_books,wOGUuoHUyAEC,How Linux Works,Brian Ward,No Starch Press,ingles,9781593270353,1593270356,1.0000,1.0000,1.0000,1.0000,1.0000
114,How Linux Works,Brian Ward,google_books,sgYvDwAAQBAJ,"How Linux Works, 2nd Edition",Brian Ward,No Starch Press,ingles,9781593276454,1593276451,1.0000,1.0000,1.0000,1.0000,1.0000
114,How Linux Works,Brian Ward,google_books,3344uAEACAAJ,How Linux Works,Brian Ward,desconocido,ingles,9788173668333,8173668337,1.0000,1.0000,1.0000,0.5000,0.9500
114,How Linux Works,Brian Ward,google_books,TQCXAQAACAAJ,"How Linux Works, 2nd Edition",Brian Ward,desconocido,ingles,9781457185519,1457185512,1.0000,1.0000,1.0000,0.5000,0.9500
114,How Linux Works,Brian Ward,google_books,A_Z8QgAACAAJ,HOW LINUX WORKS,Brian Ward,desconocido,desconocido,9784839918545,4839918546,1.0000,1.0000,0.5000,0.5000,0.9000
116,Discrete Mathematics and Its Applications,Kenneth H. Rosen,openlibrary,/works/OL31821W,Discrete Mathematics and Its Applications,Kenneth H. Rosen,McGraw-Hill,ingles,9780075551010,0394367685,1.0000,1.0000,1.0000,1.0000,1.0000
116,Discrete Mathematics and Its Applications,Kenneth H. Rosen,openlibrary,/works/OL31817W,Student Solutions Guide for Discrete Mathematics and Its Applications,Kenneth H. Rosen,McGraw-Hill Science/Engineering/Math,ingles,9780070539662,0070539669,1.0000,1.0000,1.0000,1.0000,1.0000
116,Discrete Mathematics and Its Applications,Kenneth H. Rosen,openlibrary,/works/OL27675760W,Instructor's resource guide to accompany discrete mathematics and its applications,Kenneth H. Rosen,McGraw-Hill Higher Education,ingles,9780073107813,0073107816,1.0000,1.0000,1.0000,1.0000,1.0000
116,Discrete Mathematics and Its Applications,Kenneth H. Rosen,openlibrary,/works/OL28603789W,Discrete Mathematics and Its Applications,Kenneth H. Rosen,McGraw-Hill,ingles,9780070530478,0070530475,1.0000,1.0000,1.0000,1.0000,1.0000
116,Discrete Mathematics and Its Applications,Kenneth H. Rosen,openlibrary,/works/OL27784794W,"Discrete Mathematics and Its Applications, Global Edition",Kenneth H. Rosen,McGraw Hill Higher Education,desconocido,9780071317108,0071317104,1.0000,1.0000,0.5000,1.0000,0.9500
116,Discrete Mathematics and Its Applications,Kenneth H. Rosen,openlibrary,/works/OL19886860W,Instructor's resource guide for discrete mathematics and its applications,Kenneth H. Rosen,McGraw-Hill,ingles,9780072474800,0072474807,1.0000,1.0000,1.0000,1.0000,1.0000
116,Discrete Mathematics and Its Applications,Kenneth H. Rosen,openlibrary,/works/OL9251298M,Discrete Mathematics and Its Applications,Kenneth H. Rosen,McGraw-Hill Education,ingles,9780070539679,0070539677,1.0000,1.0000,1.0000,1.0000,1.0000
116,Discrete Mathematics and Its Applications,Kenneth H. Rosen,openlibrary,/works/OL9262346M,Discrete Mathematics and Its Applications,Kenneth H. Rosen,McGraw-Hill Science/Engineering/Math,ingles,9780073312712,0073312711,1.0000,1.0000,1.0000,1.0000,1.0000
116,Discrete Mathematics and Its Applications,Kenneth H. Rosen,openlibrary,/works/OL7296594M,Discrete Mathematics and Its Applications,Kenneth H. Rosen,McGraw-Hill Education,ingles,9780070539679,0070539677,1.0000,1.0000,1.0000,1.0000,1.0000
116,Discrete Mathematics and Its Applications,Kenneth H. Rosen,openlibrary,/works/OL7307675M,Discrete Mathematics and Its Applications,Kenneth H. Rosen,McGraw-Hill Science/Engineering/Math,ingles,9780073312712,0073312711,1.0000,1.0000,1.0000,1.0000,1.0000
117,Managing Gigabytes,Ian H. Witten; Alistair Moffat; Timothy C. Bell,openlibrary,/works/OL19885452W,Managing gigabytes,Ian H. Witten; Alistair Moffat; Timothy C. Bell,Morgan Kaufmann,ingles,9781558605701,0080510884,1.0000,1.0000,1.0000,1.0000,1.0000
117,Managing Gigabytes,Ian H. Witten; Alistair Moffat; Timothy C. Bell,google_books,2F74jyPl48EC,Managing Gigabytes,Ian H. Witten; Alistair Moffat; Timothy C. Bell,Morgan Kaufmann,ingles,9781558605701,1558605703,1.0000,1.0000,1.0000,1.0000,1.0000
118,Introduction to Algorithms,Thomas H. Cormen; Charles E. Leiserson; Ronald L. Rivest; Clifford Stein,openlibrary,/works/OL4781294W,Introduction to Algorithms,Thomas H. Cormen; Charles E. Leiserson; Ronald L. Rivest; Clifford Stein,PHI Learning Pvt. Ltd. (Originally MIT Press),ingles,9780072970548,026225946X,1.0000,1.0000,1.0000,1.0000,1.0000
118,Introduction to Algorithms,Thomas H. Cormen; Charles E. Leiserson; Ronald L. Rivest; Clifford Stein,openlibrary,/works/OL36771409W,Introduction to Algorithms (International Edition),Thomas H. Cormen; Charles E. Leiserson; Ronald L. Rivest; Clifford Stein,Prentice Hall India,desconocido,9788120321410,8120321413,1.0000,1.0000,0.5000,0.3571,0.8857
118,Introduction to Algorithms,Thomas H. Cormen; Charles E. Leiserson; Ronald L. Rivest; Clifford Stein,openlibrary,/works/OL36029740W,Introduction to Algorithms (Instructor's Manual),Thomas H. Cormen; Charles E. Leiserson; Ronald L. Rivest; Clifford Stein,CreateSpace Independent Publishing Platform,ingles,9781495319280,1495319288,1.0000,1.0000,1.0000,0.2308,0.9231
118,Introduction to Algorithms,Thomas H. Cormen; Charles E. Leiserson; Ronald L. Rivest; Clifford Stein,openlibrary,/works/OL31327254W,Introduction to Algorithms Text in Russian,Thomas H. Cormen; Charles E. Leiserson,5845908574,desconocido,9785845908575,5845908574,1.0000,1.0000,0.5000,0.0000,0.8500
119,Beej's Guide to Network Programming,Brian Hall,openlibrary,/works/OL30351965W,Beej's Guide to Network Programming,"Brian ""beej Jorgensen"" Hall",Independently Published,ingles,9781705309902,1705309909,1.0000,1.0000,1.0000,0.5000,0.9500
120,Seven More Languages in Seven Weeks,Bruce A. Tate,openlibrary,/works/OL17079475W,Seven More Languages in Seven Weeks,Bruce Tate,Pragmatic Bookshelf,ingles,9781941222157,1941222153,1.0000,1.0000,1.0000,1.0000,1.0000
121,Seven Databases in Seven Weeks,Eric Redmond; Jim R. Wilson,openlibrary,/works/OL16551338W,Seven Databases in Seven Weeks,Eric Redmond,Pragmatic Bookshelf,ingles,9781934356920,1934356921,1.0000,1.0000,1.0000,1.0000,1.0000
121,Seven Databases in Seven Weeks,Eric Redmond; Jim R. Wilson,openlibrary,/works/OL19542785W,Seven Databases in Seven Weeks: A Guide to Modern Databases and the NoSQL Movement,Luc Perkins; Eric Redmond; Jim Wilson,Pragmatic Bookshelf,desconocido,9781680502534,1680502530,1.0000,0.9583,0.5000,1.0000,0.9396
121,Seven Databases in Seven Weeks,Eric Redmond; Jim R. Wilson,google_books,cMpYEQAAQBAJ,Seven Databases in Seven Weeks,Luc Perkins; Eric Redmond; Jim Wilson,The Pragmatic Programmers LLC,ingles,9781680505979,1680505971,1.0000,0.9583,1.0000,0.6429,0.9539
122,Computer Organization and Design,David A. Patterson; John L. Hennessy,openlibrary,/works/OL2664272W,Computer Organization and Design,John L. Hennessy; David A. Patterson,Morgan Kaufmann,ingles,9780123744937,1558602828,1.0000,1.0000,1.0000,1.0000,1.0000
122,Computer Organization and Design,David A. Patterson; John L. Hennessy,openlibrary,/works/OL2956523W,Computer organization and design,David A. Patterson,Elsevier/Morgan Kaufmann,ingles,9780080502571,0080886132,1.0000,1.0000,1.0000,1.0000,1.0000
122,Computer Organization and Design,David A. Patterson; John L. Hennessy,openlibrary,/works/OL20842376W,Computer Organization and Design RISC-V Edition,David A. Patterson; John L. Hennessy,Morgan Kaufmann,ingles,9780128203316,0128203315,1.0000,1.0000,1.0000,1.0000,1.0000
122,Computer Organization and Design,David A. Patterson; John L. Hennessy,openlibrary,/works/OL21678439W,Computer Organization and Design MIPS Edition,David A. Patterson; John L. Hennessy,Elsevier Science & Technology,ingles,9780128201091,0128201096,1.0000,1.0000,1.0000,0.1905,0.9190
122,Computer Organization and Design,David A. Patterson; John L. Hennessy,openlibrary,/works/OL16495435W,Computer organization and design,David A. Patterson,Morgan Kaufmann,ingles,9780123747501,0123747503,1.0000,1.0000,1.0000,1.0000,1.0000
122,Computer Organization and Design,David A. Patterson; John L. Hennessy,openlibrary,/works/OL17806321W,"Computer organization and design : the hardware, software interface - 5. ed.",David A. Patterson; John L. Hennessy,Elsevier,desconocido,9780124077263,0124077269,1.0000,1.0000,0.5000,0.0870,0.8587
122,Computer Organization and Design,David A. Patterson; John L. Hennessy,openlibrary,/works/OL27706344W,Computer Organization and Design,David A. Patterson; John L. Hennessy,机械工业出版社,desconocido,9787111631118,7111631110,1.0000,1.0000,0.5000,0.0000,0.8500
122,Computer Organization and Design,David A. Patterson; John L. Hennessy,openlibrary,/works/OL18822442W,Computer Organization and Design MIPS Edition,David A. Patterson; John L. Hennessy,Morgan Kaufmann,desconocido,9780124078864,0124078869,1.0000,1.0000,0.5000,1.0000,0.9500
122,Computer Organization and Design,David A. Patterson; John L. Hennessy,openlibrary,/works/OL31730911W,"Computer Organization and Design, 3rd Third Edition",David A. Patterson,morgan Kaufmann,desconocido,9788181475343,8181475348,1.0000,1.0000,0.5000,1.0000,0.9500
123,Philip and Alex's Guide to Web Publishing,Philip Greenspun; Alex Greenspun,openlibrary,/works/OL2897801W,Philip and Alex's Guide to Web Publishing,Philip Greenspun,Morgan Kaufmann,ingles,9780080513751,0080513751,1.0000,1.0000,1.0000,1.0000,1.0000
124,An Adventure in Statistics,Andy Field,openlibrary,/works/OL26604738W,An Adventure in Statistics,Andy Field,SAGE Publications Ltd,desconocido,9781529797138,1529797136,1.0000,1.0000,0.5000,1.0000,0.9500
124,An Adventure in Statistics,Andy Field,openlibrary,/works/OL19903463W,An Adventure in Statistics: The Reality Enigma,Andy Field,SAGE Publications Ltd,ingles,9781446210451,1446210456,1.0000,1.0000,1.0000,1.0000,1.0000
125,Data Pipelines with Apache Airflow,Bas P. Harenslak; Julian de Ruiter,openlibrary,/works/OL21964504W,Data Pipelines with Apache Airflow,Bas P. Harenslak; Julian Rutger de Ruiter,Manning Publications Company,ingles,9781617296901,1617296902,1.0000,1.0000,1.0000,1.0000,1.0000
128,Visual Basic Graphics Programming,Rod Stephens,openlibrary,/works/OL481517W,Visual Basic Graphics Programming,Rod Stephens,Wiley,ingles,9780471355991,0471355992,1.0000,1.0000,1.0000,1.0000,1.0000
128,Visual Basic Graphics Programming,Rod Stephens,openlibrary,/works/OL21458877W,Visual Basic Graphics Programming,Rod Stephens,"Wiley & Sons, Incorporated, John",ingles,9781118035283,1118035283,1.0000,1.0000,1.0000,1.0000,1.0000
128,Visual Basic Graphics Programming,Rod Stephens,openlibrary,/works/OL481520W,Visual Basic Graphics Programming,Rod Stephens,Wiley,ingles,9780471355991,0471155330,1.0000,1.0000,1.0000,1.0000,1.0000
